Dataset,GA,PA,ED
HDFS,0.998,0,0.08414
HealthApp,0.568,0.1635,0.19137
Proxifier,0.495,0,0.212835
Windows,0.69,0.154,0.185715
Thunderbird,0.941,0.157,0.083045
Zookeeper,0.921,0.496,0.03001
BGL,0.957,0.341,0.04964
Hadoop,0.869,0.1085,0.129555
OpenSSH,0.538,0.247,0.047635
Apache,1,0.6935,0.102175
Mac,0.764,0.172,0.185275
Andriod,0.682,0.5305,0.06106
Linux,0.673,0.196,0.092115
HPC,0.903,0.6435,0.01249
OpenStack,0.758,0.0185,0.38029
Spark,0.905,0.1935,0.039355