,GA,PA,ED
HDFS,0.998,0,0.08414
HealthApp,0.948,0.238,0.185445
Proxifier,0.92,0,0.21224
Windows,0.967,0.159,0.12767
Thunderbird,0.733,0.1605,0.08588
Zookeeper,0.963,0.497,0.02617
BGL,0.887,0.341,0.048795
Hadoop,0.995,0.1085,0.139655
OpenSSH,0.997,0.5065,0.07537
Apache,0.69,0.6935,0.102175
Mac,0.787,0.224,0.188155
Andriod,0.911,0.74,0.025025
Linux,0.78,0.206,0.090855
HPC,1,0.6195,0.018495
OpenStack,0.788,0.0185,0.49185
Spark,0.527,0.1935,0.03607