,GA,PA,ED
HDFS,1,0,0.20954
HealthApp,0.822,0.158,0.10872
Proxifier,0.515,0,0.39215
Windows,0.567,0.001,0.157315
Thunderbird,0.663,0.042,0.178775
Zookeeper,0.962,0.452,0.031885
BGL,0.939,0.293,0.05579
Hadoop,0.954,0.106,0.278565
OpenSSH,0.802,0,0.314345
Apache,1,0.694,0.102815
Mac,0.673,0.041,0.517315
Andriod,0.712,0.19,0.42267
Linux,0.672,0.171,0.186255
HPC,0.824,0.632,0.023365
OpenStack,0.871,0,0.24161
Spark,0.92,0.192,0.068335