,GA,PA,ED
HDFS,0.998,0,0.10762
HealthApp,0.174,0.1365,0.16539
Proxifier,0.508,0,0.25912
Windows,0.566,0.1535,0.20661
Thunderbird,0.943,0.149,0.12679
Zookeeper,0.841,0.4515,0.09781
BGL,0.69,0.082,0.08373
Hadoop,0.885,0.084,0.30758
OpenSSH,0.925,0.1325,0.22987
Apache,1,0,0.13552
Mac,0.698,0.133,0.19983
Andriod,0.88,0.7445,0.03255
Linux,0.701,0.153,0.16889
HPC,0.83,0.632,0.02905
OpenStack,0.743,0.0185,0.18535
Spark,0.884,0.004,0.10945
