,GA,PA,ED
HDFS,0.885,0,0.3229
HealthApp,0.549,0.149,0.203325
Proxifier,0.026,0,0.234115
Windows,0.588,0.1415,0.103465
Thunderbird,0.649,0.056,0.179855
Zookeeper,0.839,0.2875,0.191665
BGL,0.854,0.23,0.12529
Hadoop,0.9,0.0765,0.262225
OpenSSH,0.501,0.164,0.231705
Apache,1,0.6875,0.103675
Mac,0.599,0.101,0.414755
Andriod,0.616,0.403,0.094565
Linux,0.279,0.0265,0.1179
HPC,0.817,0.609,0.031025
OpenStack,0.2,0.0075,0.463095
Spark,0.994,0.1905,0.09253