,GA,PA,ED
HDFS,1,0,0.188555
HealthApp,0,0.017,0.19681
Proxifier,0.495,0,0.39697
Windows,0.99,0.1485,0.260665
Thunderbird,0.813,0.04,0.13819
Zookeeper,0.855,0.288,0.053745
BGL,0.646,0.082,0.1687
Hadoop,0,0.003,0.187845
OpenSSH,0.426,0.0695,0.10606
Apache,1,0,0.191215
Mac,0.369,0.172,0.23261
Andriod,0.909,0.3115,0.18828
Linux,0.502,0.028,0.05921
HPC,0,0.3605,0.07144
OpenStack,0.787,0.0105,0.26195
Spark,0.002,0,0.05983