,GA,PA,ED
HDFS,0.546,0,0.29996
HealthApp,0.5305,0.1385,0.17388
Proxifier,0.478,0,0.426945
Windows,0.713,0.153,0.131765
Thunderbird,0.5985,0.1305,0.12351
Zookeeper,0.7315,0.4515,0.044425
BGL,0.835,0.067,0.094165
Hadoop,0.563,0.0865,0.21625
OpenSSH,0.4255,0.0695,0.121555
Apache,0.7085,0,0.162765
Mac,0.6035,0.162,0.199805
Andriod,0.7975,0.3085,0.21402
Linux,0.6285,0.133,0.18668
HPC,0.7875,0.632,0.03429
OpenStack,0.6955,0.0105,0.34724
Spark,0.7985,0.0065,0.20378