,GA,PA,ED
HDFS,0.851,0,0.223275
HealthApp,0.684,0.22,0.19621
Proxifier,0.517,0,0.41552
Windows,0.993,0.156,0.132605
Thunderbird,0.919,0.136,0.08797
Zookeeper,0.688,0.452,0.035945
BGL,0.723,0.221,0.102805
Hadoop,0.87,0.106,0.13211
OpenSSH,0.431,0.07,0.11469
Apache,1,0.694,0.102655
Mac,0.872,0.229,0.16213
Andriod,0.504,0.174,0.28588
Linux,0.612,0.123,0.151545
HPC,0.784,0.632,0.03125
OpenStack,0.743,0.011,0.28784
Spark,0.576,0.038,0.12985