,GA,PA,ED
HDFS,0.85,0,0.19159
HealthApp,0.235,0.1255,0.17112
Proxifier,0.494,0,0.28887
Windows,0.689,0.1495,0.07665
Thunderbird,0.694,0.074,0.11829
Zookeeper,0.738,0.449,0.07187
BGL,0.227,0.081,0.11582
Hadoop,0.633,0.0735,0.19567
OpenSSH,0.373,0.069,0.11257
Apache,0.582,0,0.14442
Mac,0.478,0.1185,0.27923
Andriod,0.548,0.265,0.16929
Linux,0.169,0.1025,0.14126
HPC,0.354,0.509,0.04448
OpenStack,0.866,0.0105,0.21881
Spark,0.544,0,0.13062