,GA,PA,ED
HDFS,0.998,0,0.09709
HealthApp,0.397,0.041,0.24469
Proxifier,0.517,0,0.231265
Windows,0.701,0.151,0.122175
Thunderbird,0.567,0.1105,0.13609
Zookeeper,0.66,0.4285,0.057635
BGL,0.711,0.0645,0.085615
Hadoop,0.867,0.084,0.17383
OpenSSH,0.619,0.1325,0.054955
Apache,1,0,0.124405
Mac,0.595,0.163,0.18839
Andriod,0.585,0.4725,0.09412
Linux,0.672,0.153,0.112165
HPC,0.325,0.2255,0.076965
OpenStack,0.722,0.0185,0.389245
Spark,0.906,0.004,0.084225