,GA,PA,ED
HDFS,1,0,0.106715
HealthApp,0.639,0.152,0.093895
Proxifier,0.5265,0,0.252105
Windows,0.9885,0.0035,0.122645
Thunderbird,0.8435,0.0255,0.1425
Zookeeper,0.9635,0.452,0.03892
BGL,0.7865,0.1965,0.09807
Hadoop,0.7775,0.1055,0.314555
OpenSSH,0.554,0.1905,0.22976
Apache,1,0.6935,0.102335
Mac,0.7565,0.0325,0.428445
Andriod,0.9185,0.245,0.45655
Linux,0.605,0.1095,0.16543
HPC,0.654,0.5295,0.041295
OpenStack,0.764,0,0.452665
Spark,0.905,0.192,0.07679